<?xml version="1.0" encoding="UTF-8"?>
<configuration debug="false">

  <!--
       说明：
       1、日志级别及文件
           日志记录采用分级记录，级别与日志文件名相对应，不同级别的日志信息记录到不同的日志文件中
           例如：error级别记录到log_error_xxx.log或log_error.log（该文件为当前记录的日志文件），而log_error_xxx.log为归档日志，
           日志文件按日期记录，同一天内，若日志文件大小等于或大于2M，则按0、1、2...顺序分别命名
           例如log-level-2013-12-21.0.log
           其它级别的日志也是如此。
       2、文件路径
           若开发、测试用，在Eclipse中运行项目，则到Eclipse的安装路径查找logs文件夹，以相对路径../logs。
           若部署到Tomcat下，则在Tomcat下的logs文件中
       3、Appender
           FILEERROR对应error级别，文件名以log-error-xxx.log形式命名
           FILEWARN对应warn级别，文件名以log-warn-xxx.log形式命名
           FILEINFO对应info级别，文件名以log-info-xxx.log形式命名
           FILEDEBUG对应debug级别，文件名以log-debug-xxx.log形式命名
           stdout将日志信息输出到控制上，为方便开发测试使用
    -->

    <!--定义日志文件的存储地址 勿在 LogBack 的配置中使用相对路径-->  
 	<property name="LOG_PATH" value="D:\\skymart_dtc_Logs\\logs" />
    <!--设置系统日志目录-->
    <property name="APPDIR" value="skymart_dtc_Logs" />
    <!-- 控制台输出 -->   
    <appender name="STDOUT" class="ch.qos.logback.core.ConsoleAppender">
        <encoder class="ch.qos.logback.classic.encoder.PatternLayoutEncoder"> 
             <!--格式化输出：%d表示日期，%thread表示线程名，%-5level：级别从左显示5个字符宽度%msg：日志消息，%n是换行符--> 
            <pattern>%d{yyyy-MM-dd HH:mm:ss.SSS} [%thread] %-5level %logger{50} - %msg%n</pattern>   
        </encoder> 
    </appender>
    <!-- 按照每天生成日志文件 -->   
    <appender name="FILE"  class="ch.qos.logback.core.rolling.RollingFileAppender">   
        <rollingPolicy class="ch.qos.logback.core.rolling.TimeBasedRollingPolicy">
            <!--日志文件输出的文件名-->
            <FileNamePattern>${LOG_PATH}/skymart_api.log.%d{yyyy-MM-dd}.log</FileNamePattern> 
            <!--日志文件保留天数-->
            <MaxHistory>30</MaxHistory>
        </rollingPolicy>   
        <encoder class="ch.qos.logback.classic.encoder.PatternLayoutEncoder"> 
            <!--格式化输出：%d表示日期，%thread表示线程名，%-5level：级别从左显示5个字符宽度%msg：日志消息，%n是换行符--> 
            <pattern>%d{yyyy-MM-dd HH:mm:ss.SSS} [%thread] %-5level %logger{50} - %msg%n</pattern>   
        </encoder> 
        <!--日志文件最大的大小-->
       <triggeringPolicy class="ch.qos.logback.core.rolling.SizeBasedTriggeringPolicy">
         <MaxFileSize>10MB</MaxFileSize>
       </triggeringPolicy>
    </appender> 
   <!-- show parameters for hibernate sql 专为 Hibernate 定制 
    <logger name="org.hibernate.type.descriptor.sql.BasicBinder"  level="TRACE" />  
    <logger name="org.hibernate.type.descriptor.sql.BasicExtractor"  level="DEBUG" />  
    <logger name="org.hibernate.SQL" level="DEBUG" />  
    <logger name="org.hibernate.engine.QueryParameters" level="DEBUG" />
    <logger name="org.hibernate.engine.query.HQLQueryPlan" level="DEBUG" />  
    --> 
    <!--myibatis log configure--> 
    <logger name="com.apache.ibatis" level="TRACE"/>
    <logger name="java.sql.Connection" level="DEBUG"/>
    <logger name="java.sql.Statement" level="DEBUG"/>
    <logger name="java.sql.PreparedStatement" level="DEBUG"/>
    
    <!-- 日志输出级别 -->
    <root level="info">
        <appender-ref ref="STDOUT" />
        <appender-ref ref="FILE" />
    </root> 
     <!--日志异步到数据库 -->  
     <!--连接池 
    <appender name="DB" class="ch.qos.logback.classic.db.DBAppender">   
        <connectionSource class="ch.qos.logback.core.db.DriverManagerConnectionSource">
           <dataSource class="com.mchange.v2.c3p0.ComboPooledDataSource">
              <driverClass>com.mysql.jdbc.Driver</driverClass>
              <url>jdbc:mysql://127.0.0.1:3306/databaseName</url>
              <user>root</user>
              <password>root</password>
            </dataSource>
        </connectionSource>
   </appender>--> 
</configuration>