<?xml version="1.0" encoding="UTF-8"?>
<!DOCTYPE mapper PUBLIC "-//mybatis.org//DTD Mapper 3.0//EN" "http://mybatis.org/dtd/mybatis-3-mapper.dtd">
<mapper namespace="net.travelsky.skymart.generator.repository.MySqlDBManagerMapper">

	<!-- 查询某个DB得所有表名，返回字符串类型得集合 -->
 	<select id="getTables" resultType="java.lang.String">
 		SELECT table_name FROM information_schema.tables WHERE table_schema=#{dbName} AND table_type='base table';
 	</select>
 	
 	<!-- 查询某个DB下表的所有字段与类型，返回字符串类型得集合 -->
 	<resultMap type="net.travelsky.skymart.generator.pojo.entity.ColumnEntity" id="ColumnResult">
 		<result column="column_name" property="columnName"/>
 		<result column="data_type" property="columnType"/>
 	</resultMap>
 	<select id="getColumnsByTable" resultMap="ColumnResult">
 		select column_name,data_type from information_schema.columns where table_schema=#{dbName} and table_name=#{tableName}
 	</select>
</mapper>