<?xml version="1.0" encoding="UTF-8"?>
<!DOCTYPE mapper PUBLIC "-//mybatis.org//DTD Mapper 3.0//EN" "http://mybatis.org/dtd/mybatis-3-mapper.dtd">
<mapper namespace="net.travelsky.skymart.generator.repository.OracleDBManagerMapper">

	<!-- 查询某个DB得所有表名，返回字符串类型得集合 -->
 	<select id="getTables" resultType="java.lang.String">
 		select t.table_name from user_tables t
 	</select>
 	
 	<!-- 查询某个DB下表的所有字段与类型，返回字符串类型得集合 -->
 	<resultMap type="net.travelsky.skymart.generator.pojo.entity.ColumnEntity" id="ColumnResult">
 		<result column="COLUMN_NAME" property="columnName"/>
 		<result column="DATA_TYPE" property="columnType"/>
 		<result column="COMMENTS" property="comments"/>
 	</resultMap>
 	<select id="getColumnsByTable" resultMap="ColumnResult">
		SELECT
		      b.COLUMN_NAME,b.DATA_TYPE,a.COMMENTS
		  FROM
		      USER_TAB_COLUMNS b,USER_COL_COMMENTS a
		  WHERE
		      b.TABLE_NAME=#{tableName} AND b.TABLE_NAME=a.TABLE_NAME AND b.COLUMN_NAME=a.COLUMN_NAME
 	</select>

</mapper>