<?xml version="1.0" encoding="UTF-8"?>
<!DOCTYPE mapper PUBLIC "-//mybatis.org//DTD Mapper 3.0//EN" "http://mybatis.org/dtd/mybatis-3-mapper.dtd">
<mapper namespace="net.travelsky.skymart.repository.DtcCitysDataMapper">

  <resultMap id="BaseResultMap" type="net.travelsky.skymart.pojo.entity.DtcCitysDataEntity">
	<result column="id" property="id" jdbcType="DECIMAL" />
	<result column="city_code" property="citycode" jdbcType="VARCHAR" />
	<result column="city_zh_name" property="cityzhname" jdbcType="VARCHAR" />
	<result column="city_en_name" property="cityenname" jdbcType="VARCHAR" />
	<result column="country" property="country" jdbcType="VARCHAR" />
	<result column="city_hot_type" property="cityhottype" jdbcType="VARCHAR" />
	<result column="city_state_type" property="citystatetype" jdbcType="VARCHAR" />
	<result column="city_initial" property="cityinitial" jdbcType="VARCHAR" />
  </resultMap>
  
  <sql id="Base_Column_List">
	id,	city_code,	city_zh_name,	city_en_name,	country,	city_hot_type,	city_state_type,	city_initial  </sql>
   
  <!-- search query -->
  <select id="searchList" parameterType="net.travelsky.skymart.code.mybatis.Parameter" resultMap="BaseResultMap">
  	select <include refid="Base_Column_List"/> from DTC_CITYSDATA <include refid="Base_Query_List"/>
  </select>
  
  <!-- common query -->
  <sql id="Base_Query_List">
  
  	<where>
  			<if test="valid">
  				<foreach collection="conditions" item="condition">
  					<if test="condition.value != null">
  					  <!-- base selelct selector -->
  					  <if test="condition.base">
  						 <![CDATA[${condition.logical} ${condition.column} ${condition.symbol} #{condition.value} ]]>
  					  </if>
  					  <!-- like -->
  					  <if test="condition.like">
  						 <![CDATA[${condition.logical} ${condition.column} ${condition.symbol} #{condition.value} ]]>
  					  </if>
  					  <!-- between -->
  					  <if test="condition.between">
  						 <![CDATA[${condition.logical} ${condition.column} ${condition.symbol} #{condition.value} and #{condition.endValue} ]]>
  					  </if>
  					  <!-- in -->
  					  <if test="condition.inparam">
  						 <![CDATA[${condition.logical} ${condition.column} ${condition.symbol} ]]>
  						 <trim prefix="(" suffix=")" suffixOverrides=",">
  						   	<foreach collection="condition.values" item="value">
  						 		#{value},
  						 	</foreach>
  						 </trim>
  					  </if>
  					</if>
  				</foreach>
  			</if>
  	</where>
  	
	<if test="openOrderBy">
		<trim prefix="order by" suffixOverrides=",">
			<foreach collection="orderByList" item="col" separator=",">
				 ${col},
			</foreach>
		</trim>
		 ${sort}
	</if>
	
  </sql>
  
</mapper>