<?xml version="1.0" encoding="UTF-8"?>
<!DOCTYPE mapper PUBLIC "-//mybatis.org//DTD Mapper 3.0//EN" "http://mybatis.org/dtd/mybatis-3-mapper.dtd">
<mapper namespace="net.travelsky.skymart.repository.DtcFlightSegmentMapper">
  <resultMap id="FlightFromDB" type="net.travelsky.skymart.pojo.domain.FlightFromDB">
	<result column="segment_id" property="segment_id" jdbcType="VARCHAR" />
	<result column="segment_detail_id" property="segment_detail_id" jdbcType="VARCHAR" />
	<result column="airline_name" property="airline_name" jdbcType="VARCHAR" />
	<result column="cabin_class" property="cabin_class" jdbcType="VARCHAR" />
	<result column="inventory" property="inventory" jdbcType="NUMERIC" />
	<result column="ticket_price" property="ticket_price" jdbcType="NUMERIC" />
	<result column="yq_tax" property="yq_tax" jdbcType="NUMERIC" />
	<result column="cn_tax" property="cn_tax" jdbcType="NUMERIC" />
	<result column="discount" property="discount" jdbcType="NUMERIC" />
	<result column="refund_flag" property="refund_flag" jdbcType="VARCHAR" />
	<result column="free_change_times" property="free_change_times" jdbcType="VARCHAR" />
	<result column="change_airline_flag" property="change_airline_flag" jdbcType="VARCHAR" />
	<result column="update_flag" property="update_flag" jdbcType="VARCHAR" />
  </resultMap>
  <select resultType="net.travelsky.skymart.pojo.domain.FlightFromDB" id="queryBySegParam" parameterType="net.travelsky.skymart.pojo.param.search.FlightSegParam" >
				 select 
				       seg.id as segment_id,
				       cab.id as cba_id,
		               far.id as far_id,
		               tra.id as tar_id,
				       seg_d.airline_name,
				       seg.ORIGIN_CITY ,
				       seg.DESTINATION_CITY ,
				       seg.FLIGHT_DATE,
				       seg.sourse,
				       seg_d.id as segment_detail_id,
				       cab.cabin_code as cabin_code,
				       cab.cabin_class as cabin_class,
				       cab.inventory,
				       far.ticket_price,
				       far.original_price,
				       far.interior_price,
				       far.price_type,
				       far.extra,
				       far.YQ_TAX,
				       far.CN_TAX,
				       far.DISCOUNT,
				       far.contain_airport_fee,
				       far.contain_fuel_fee,
				       far.contain_tax,
				       far.currency,
				       far.refunded_comment as refunded_changed_comment,
				       far.REFUND_FLAG,
				       far.FREE_CHANGE_TIMES,
				       far.CHANGE_AIRLINE_FLAG,
				       far.Update_FLAG,
				       far.interior_price,
				       seg_d.dep_airport,
				       seg_d.dep_terminal,
				       seg_d.arr_airport,
				       seg_d.arr_terminal,
				       seg_d.dep_time,
				       seg_d.arr_time,
				       seg_d.airline,
				       seg_d.airline_name,
				       seg_d.arr_date,
				       seg_d.dep_date,
				       seg_d.journey_time,
				       seg_d.layover_time,
				       seg_d.next_day,
				       tra.seq,
				       tra.flight_no,
				       tra.plane_type,
				       tra.shared,
				       tra.carrier_name,
				       tra.carrier_flight_no
				  from dtc_flight_segment seg
				  left join dtc_flight_segment_detail seg_d
				    on seg.id = seg_d.segment_id
				  left join dtc_transfer_flight tra
				  on tra.segment_id= seg.id
				  and tra.segment_detail_id = seg_d.id  
				  left join dtc_flight_cabin cab
				    on cab.segment_detail_id = seg_d.id
				  left join dtc_flight_fare far
				    on  far.cabin_id = cab.id
        <where>
			<if test="flightSegParam.depDate!=null and flightSegParam.depDate!=''">
				and seg.flight_date =  #{flightSegParam.depDate} 
			</if>
			<if test="flightSegParam.depCityCode!=null and flightSegParam.depCityCode!=''">
				<!-- and seg.origin_city like concat( '%', #{flightSegParam.depCityCode} ,'%') -->
				and seg.origin_city = #{flightSegParam.depCityCode} 
			</if>
			<if test="flightSegParam.arrCityCode!=null and flightSegParam.arrCityCode!=''">
				<!-- and seg.destination_city like concat( '%', #{flightSegParam.arrCityCode}, '%') -->
				and seg.DESTINATION_CITY = #{flightSegParam.arrCityCode}
			</if> 
			<if test="flightSegParam.segNo!=null and flightSegParam.segNo!=''">
				and tra.seq=#{flightSegParam.segNo}
			</if>
			<!-- <if test="setType!=null and setType!=''"> 航程类型
				and  =#{setType}
			</if> -->
	</where>
  </select>
</mapper>